﻿Afghanistan,63.4
Albania,78
Algeria,76.1
American Samoa,0
Andorra,0
Angola,59.4
Antigua and Barbuda,76.5
Argentina,76.1
Armenia,74.5
Australia,82.4
Austria,81.2
Azerbaijan,72.3
Bahrain,76.8
Bajo Nuevo Bank (Petrel Is.),0
Bangladesh,71.5
Barbados,78.8
Belarus,73.6
Belgium,81
Belize,74
Benin,60.6
Bhutan,70.4
Bolivia,70.3
Bosnia and Herzegovina,76.9
Botswana,67.3
Brazil,75
Brunei,0
Bulgaria,74.6
Burkina Faso,59.9
Burundi,60.1
Cambodia,68.6
Cameroon,57.6
Canada,81.9
Cape Verde,0
Central African Republic,50.9
Chad,53.1
Chile,79.6
China,75.9
Colombia,76.5
Comoros,63.5
Costa Rica,79.6
Croatia,77.3
Cuba,78.6
Cyprus,80.4
Cyprus No Mans Area,0
Czech Republic,0
Democratic Republic of the Congo,0
Denmark,80.7
Djibouti,64.1
Dominica,0
Dominican Republic,73.2
East Timor,0
Ecuador,76.1
Egypt,0
El Salvador,72.4
Equatorial Guinea,57.4
Eritrea,64.7
Estonia,77.6
Ethiopia,65
Faroe Islands,0
Federated States of Micronesia,0
Fiji,67.1
Finland,81.5
France,82.3
Gabon,64.9
Gambia,0
Gaza Strip,0
Georgia,73
Germany,80.6
Ghana,62.8
Greece,81
Greenland,0
Grenada,72.4
Guam,0
Guatemala,73.3
Guinea,59.6
Guinea Bissau,0
Guyana,69.3
Haiti,62.5
Honduras,74.5
Hungary,75.6
Iceland,82.5
India,68.6
Indonesia,70.8
Iran,0
Iraq,69.9
Ireland,81.5
Israel,82.1
Italy,82.5
Ivory Coast,0
Jamaica,74.1
Japan,83.8
Jordan,74.1
Kazakhstan,72
Kenya,64.8
Kiribati,67.3
Kosovo,0
Kuwait,75.1
Kyrgyzstan,0
Laos,0
Latvia,74.5
Lebanon,78.8
Lesotho,51
Liberia,62.3
Libya,72.1
Liechtenstein,0
Lithuania,74.3
Luxembourg,82.3
Macedonia,0
Madagascar,65.5
Malawi,62
Malaysia,75.5
Maldives,77.7
Mali,57.5
Malta,81.9
Marshall Islands,0
Mauritania,63.9
Mauritius,74.4
Mexico,74.9
Moldova,71.5
Monaco,0
Mongolia,69.1
Montenegro,76.4
Morocco,75.7
Mozambique,57.2
Myanmar,65.8
Namibia,62.1
Nauru,0
Nepal,69.5
Netherlands,81.5
New Zealand,81.5
Nicaragua,73.6
Niger,60.6
Nigeria,53.1
North Korea,0
Northern Cyprus,0
Northern Mariana Islands,0
Norway,82.3
Oman,76.9
Pakistan,66.6
Palau,0
Panama,77.8
Papua New Guinea,63.5
Paraguay,73.7
Peru,75.8
Philippines,70.6
Poland,77.5
Portugal,81.1
Puerto Rico,0
Qatar,79.8
Republic of Congo,0
Republic of Serbia,0
Romania,74.9
Russia,0
Rwanda,67.5
Saint Kitts and Nevis,0
Saint Lucia,0
Saint Vincent and the Grenadines,0
Samoa,72.7
San Marino,0
Sao Tome and Principe,69.4
Saudi Arabia,74.7
Scarborough Reef,0
Senegal,66.7
Serranilla Bank,0
Seychelles,74.3
Siachen Glacier,0
Sierra Leone,52.9
Singapore,82.7
Slovakia,0
Slovenia,80.8
Solomon Islands,72.2
Somalia,55.9
Somaliland,0
South Africa,62.6
South Korea,0
South Sudan,0
Spain,82.8
Spratly Islands,0
Sri Lanka,76.3
Sudan,0
Suriname,71.2
Swaziland,0
Sweden,82.2
Switzerland,82.9
Syria,0
Taiwan,0
Tajikistan,70.1
Thailand,76.1
The Bahamas,0
Togo,59.9
Tonga,70.5
Trinidad and Tobago,72.9
Tunisia,75.9
Turkey,0
Turkmenistan,67.7
Tuvalu,0
Uganda,61.4
Ukraine,71.2
United Arab Emirates,77.3
United Kingdom,81
United Republic of Tanzania,0
United States Minor Outlying Islands,0
United States of America,0
United States Virgin Islands,0
Uruguay,77.4
Uzbekistan,70.9
Vanuatu,69.9
Vatican,0
Venezuela,0
Vietnam,75.1
West Bank,0
Western Sahara,0
Yemen,0
Zambia,61.7
Zimbabwe,59.5
