{name: 'Afghanistan', value: 63.4 },
{name: 'Albania', value: 78 },
{name: 'Algeria', value: 76.1 },
{name: 'American Samoa', value: 0 },
{name: 'Andorra', value: 0 },
{name: 'Angola', value: 59.4 },
{name: 'Antigua and Barbuda', value: 76.5 },
{name: 'Argentina', value: 76.1 },
{name: 'Armenia', value: 74.5 },
{name: 'Australia', value: 82.4 },
{name: 'Austria', value: 81.2 },
{name: 'Azerbaijan', value: 72.3 },
{name: 'Bahrain', value: 76.8 },
{name: 'Bajo Nuevo Bank (Petrel Is.)', value: 0 },
{name: 'Bangladesh', value: 71.5 },
{name: 'Barbados', value: 78.8 },
{name: 'Belarus', value: 73.6 },
{name: 'Belgium', value: 81 },
{name: 'Belize', value: 74 },
{name: 'Benin', value: 60.6 },
{name: 'Bhutan', value: 70.4 },
{name: 'Bolivia', value: 70.3 },
{name: 'Bosnia and Herzegovina', value: 76.9 },
{name: 'Botswana', value: 67.3 },
{name: 'Brazil', value: 75 },
{name: 'Brunei', value: 0 },
{name: 'Bulgaria', value: 74.6 },
{name: 'Burkina Faso', value: 59.9 },
{name: 'Burundi', value: 60.1 },
{name: 'Cambodia', value: 68.6 },
{name: 'Cameroon', value: 57.6 },
{name: 'Canada', value: 81.9 },
{name: 'Cape Verde', value: 0 },
{name: 'Central African Republic', value: 50.9 },
{name: 'Chad', value: 53.1 },
{name: 'Chile', value: 79.6 },
{name: 'China', value: 75.9 },
{name: 'Colombia', value: 76.5 },
{name: 'Comoros', value: 63.5 },
{name: 'Costa Rica', value: 79.6 },
{name: 'Croatia', value: 77.3 },
{name: 'Cuba', value: 78.6 },
{name: 'Cyprus', value: 80.4 },
{name: 'Cyprus No Mans Area', value: 0 },
{name: 'Czech Republic', value: 0 },
{name: 'Democratic Republic of the Congo', value: 0 },
{name: 'Denmark', value: 80.7 },
{name: 'Djibouti', value: 64.1 },
{name: 'Dominica', value: 0 },
{name: 'Dominican Republic', value: 73.2 },
{name: 'East Timor', value: 0 },
{name: 'Ecuador', value: 76.1 },
{name: 'Egypt', value: 0 },
{name: 'El Salvador', value: 72.4 },
{name: 'Equatorial Guinea', value: 57.4 },
{name: 'Eritrea', value: 64.7 },
{name: 'Estonia', value: 77.6 },
{name: 'Ethiopia', value: 65 },
{name: 'Faroe Islands', value: 0 },
{name: 'Federated States of Micronesia', value: 0 },
{name: 'Fiji', value: 67.1 },
{name: 'Finland', value: 81.5 },
{name: 'France', value: 82.3 },
{name: 'Gabon', value: 64.9 },
{name: 'Gambia', value: 0 },
{name: 'Gaza Strip', value: 0 },
{name: 'Georgia', value: 73 },
{name: 'Germany', value: 80.6 },
{name: 'Ghana', value: 62.8 },
{name: 'Greece', value: 81 },
{name: 'Greenland', value: 0 },
{name: 'Grenada', value: 72.4 },
{name: 'Guam', value: 0 },
{name: 'Guatemala', value: 73.3 },
{name: 'Guinea', value: 59.6 },
{name: 'Guinea Bissau', value: 0 },
{name: 'Guyana', value: 69.3 },
{name: 'Haiti', value: 62.5 },
{name: 'Honduras', value: 74.5 },
{name: 'Hungary', value: 75.6 },
{name: 'Iceland', value: 82.5 },
{name: 'India', value: 68.6 },
{name: 'Indonesia', value: 70.8 },
{name: 'Iran', value: 0 },
{name: 'Iraq', value: 69.9 },
{name: 'Ireland', value: 81.5 },
{name: 'Israel', value: 82.1 },
{name: 'Italy', value: 82.5 },
{name: 'Ivory Coast', value: 0 },
{name: 'Jamaica', value: 74.1 },
{name: 'Japan', value: 83.8 },
{name: 'Jordan', value: 74.1 },
{name: 'Kazakhstan', value: 72 },
{name: 'Kenya', value: 64.8 },
{name: 'Kiribati', value: 67.3 },
{name: 'Kosovo', value: 0 },
{name: 'Kuwait', value: 75.1 },
{name: 'Kyrgyzstan', value: 0 },
{name: 'Laos', value: 0 },
{name: 'Latvia', value: 74.5 },
{name: 'Lebanon', value: 78.8 },
{name: 'Lesotho', value: 51 },
{name: 'Liberia', value: 62.3 },
{name: 'Libya', value: 72.1 },
{name: 'Liechtenstein', value: 0 },
{name: 'Lithuania', value: 74.3 },
{name: 'Luxembourg', value: 82.3 },
{name: 'Macedonia', value: 0 },
{name: 'Madagascar', value: 65.5 },
{name: 'Malawi', value: 62 },
{name: 'Malaysia', value: 75.5 },
{name: 'Maldives', value: 77.7 },
{name: 'Mali', value: 57.5 },
{name: 'Malta', value: 81.9 },
{name: 'Marshall Islands', value: 0 },
{name: 'Mauritania', value: 63.9 },
{name: 'Mauritius', value: 74.4 },
{name: 'Mexico', value: 74.9 },
{name: 'Moldova', value: 71.5 },
{name: 'Monaco', value: 0 },
{name: 'Mongolia', value: 69.1 },
{name: 'Montenegro', value: 76.4 },
{name: 'Morocco', value: 75.7 },
{name: 'Mozambique', value: 57.2 },
{name: 'Myanmar', value: 65.8 },
{name: 'Namibia', value: 62.1 },
{name: 'Nauru', value: 0 },
{name: 'Nepal', value: 69.5 },
{name: 'Netherlands', value: 81.5 },
{name: 'New Zealand', value: 81.5 },
{name: 'Nicaragua', value: 73.6 },
{name: 'Niger', value: 60.6 },
{name: 'Nigeria', value: 53.1 },
{name: 'North Korea', value: 0 },
{name: 'Northern Cyprus', value: 0 },
{name: 'Northern Mariana Islands', value: 0 },
{name: 'Norway', value: 82.3 },
{name: 'Oman', value: 76.9 },
{name: 'Pakistan', value: 66.6 },
{name: 'Palau', value: 0 },
{name: 'Panama', value: 77.8 },
{name: 'Papua New Guinea', value: 63.5 },
{name: 'Paraguay', value: 73.7 },
{name: 'Peru', value: 75.8 },
{name: 'Philippines', value: 70.6 },
{name: 'Poland', value: 77.5 },
{name: 'Portugal', value: 81.1 },
{name: 'Puerto Rico', value: 0 },
{name: 'Qatar', value: 79.8 },
{name: 'Republic of Congo', value: 0 },
{name: 'Republic of Serbia', value: 0 },
{name: 'Romania', value: 74.9 },
{name: 'Russia', value: 0 },
{name: 'Rwanda', value: 67.5 },
{name: 'Saint Kitts and Nevis', value: 0 },
{name: 'Saint Lucia', value: 0 },
{name: 'Saint Vincent and the Grenadines', value: 0 },
{name: 'Samoa', value: 72.7 },
{name: 'San Marino', value: 0 },
{name: 'Sao Tome and Principe', value: 69.4 },
{name: 'Saudi Arabia', value: 74.7 },
{name: 'Scarborough Reef', value: 0 },
{name: 'Senegal', value: 66.7 },
{name: 'Serranilla Bank', value: 0 },
{name: 'Seychelles', value: 74.3 },
{name: 'Siachen Glacier', value: 0 },
{name: 'Sierra Leone', value: 52.9 },
{name: 'Singapore', value: 82.7 },
{name: 'Slovakia', value: 0 },
{name: 'Slovenia', value: 80.8 },
{name: 'Solomon Islands', value: 72.2 },
{name: 'Somalia', value: 55.9 },
{name: 'Somaliland', value: 0 },
{name: 'South Africa', value: 62.6 },
{name: 'South Korea', value: 0 },
{name: 'South Sudan', value: 0 },
{name: 'Spain', value: 82.8 },
{name: 'Spratly Islands', value: 0 },
{name: 'Sri Lanka', value: 76.3 },
{name: 'Sudan', value: 0 },
{name: 'Suriname', value: 71.2 },
{name: 'Swaziland', value: 0 },
{name: 'Sweden', value: 82.2 },
{name: 'Switzerland', value: 82.9 },
{name: 'Syria', value: 0 },
{name: 'Taiwan', value: 0 },
{name: 'Tajikistan', value: 70.1 },
{name: 'Thailand', value: 76.1 },
{name: 'The Bahamas', value: 0 },
{name: 'Togo', value: 59.9 },
{name: 'Tonga', value: 70.5 },
{name: 'Trinidad and Tobago', value: 72.9 },
{name: 'Tunisia', value: 75.9 },
{name: 'Turkey', value: 0 },
{name: 'Turkmenistan', value: 67.7 },
{name: 'Tuvalu', value: 0 },
{name: 'Uganda', value: 61.4 },
{name: 'Ukraine', value: 71.2 },
{name: 'United Arab Emirates', value: 77.3 },
{name: 'United Kingdom', value: 81 },
{name: 'United Republic of Tanzania', value: 0 },
{name: 'United States Minor Outlying Islands', value: 0 },
{name: 'United States of America', value: 0 },
{name: 'United States Virgin Islands', value: 0 },
{name: 'Uruguay', value: 77.4 },
{name: 'Uzbekistan', value: 70.9 },
{name: 'Vanuatu', value: 69.9 },
{name: 'Vatican', value: 0 },
{name: 'Venezuela', value: 0 },
{name: 'Vietnam', value: 75.1 },
{name: 'West Bank', value: 0 },
{name: 'Western Sahara', value: 0 },
{name: 'Yemen', value: 0 },
{name: 'Zambia', value: 61.7 },
{name: 'Zimbabwe', value: 59.5 },
