{name: 'Afghanistan', value: 59.65625 },
{name: 'Albania', value: 75.95 },
{name: 'Algeria', value: 73.7875 },
{name: 'Angola', value: 52.825 },
{name: 'Antigua and Barbuda', value: 75.35 },
{name: 'Argentina', value: 74.8625 },
{name: 'Armenia', value: 72.9875 },
{name: 'Australia', value: 81.1125 },
{name: 'Austria', value: 79.975 },
{name: 'Azerbaijan', value: 69.725 },
{name: 'Bahamas, The', value: 72.20625 },
{name: 'Bahrain', value: 75.6625 },
{name: 'Bangladesh', value: 68.725 },
{name: 'Barbados', value: 78.1 },
{name: 'Belarus', value: 70.2875 },
{name: 'Belgium', value: 79.55 },
{name: 'Belize', value: 71.175 },
{name: 'Benin', value: 58.20625 },
{name: 'Bhutan', value: 66.45625 },
{name: 'Bolivia', value: 66.5875 },
{name: 'Bosnia and Herzegovina', value: 75.63125 },
{name: 'Botswana', value: 57.0375 },
{name: 'Brazil', value: 72.69375 },
{name: 'Brunei Darussalam', value: 74.3 },
{name: 'Bulgaria', value: 73.15 },
{name: 'Burkina Faso', value: 55.2 },
{name: 'Burundi', value: 55.08125 },
{name: 'Cabo Verde', value: 70.6375 },
{name: 'Cambodia', value: 64.4 },
{name: 'Cameroon', value: 54.03125 },
{name: 'Canada', value: 80.6125 },
{name: 'Central African Republic', value: 46.48125 },
{name: 'Chad', value: 49.94375 },
{name: 'Chile', value: 78.14375 },
{name: 'China', value: 73.6875 },
{name: 'Colombia', value: 74.8125 },
{name: 'Comoros', value: 61.14375 },
{name: 'Congo, Dem. Rep.', value: 55.06875 },
{name: 'Congo, Rep.', value: 57.73125 },
{name: 'Costa Rica', value: 78.46875 },
{name: 'Cote d'Ivoire', value: 51.95 },
{name: 'Croatia', value: 75.8125 },
{name: 'Cuba', value: 77.89375 },
{name: 'Cyprus', value: 79.08125 },
{name: 'Czechia', value: 76.78125 },
{name: 'Denmark', value: 78.54375 },
{name: 'Djibouti', value: 59.4875 },
{name: 'Dominican Republic', value: 71.38125 },
{name: 'Ecuador', value: 74.55625 },
{name: 'Egypt, Arab Rep.', value: 69.9125 },
{name: 'El Salvador', value: 70.6625 },
{name: 'Equatorial Guinea', value: 55.13125 },
{name: 'Eritrea', value: 60.28125 },
{name: 'Estonia', value: 73.81875 },
{name: 'Eswatini', value: 46.69375 },
{name: 'Ethiopia', value: 58.76875 },
{name: 'Fiji', value: 66.48125 },
{name: 'Finland', value: 79.5 },
{name: 'France', value: 80.9125 },
{name: 'Gabon', value: 60.35 },
{name: 'Gambia, The', value: 58.68125 },
{name: 'Georgia', value: 71.15625 },
{name: 'Germany', value: 79.475 },
{name: 'Ghana', value: 59.8375 },
{name: 'Greece', value: 79.7625 },
{name: 'Greenland', value: 69.00 },
{name: 'Grenada', value: 72.85 },
{name: 'Guatemala', value: 70.61875 },
{name: 'Guinea', value: 55.10625 },
{name: 'Guinea-Bissau', value: 53.525 },
{name: 'Guyana', value: 67.33125 },
{name: 'Haiti', value: 59.65625 },
{name: 'Honduras', value: 72.65625 },
{name: 'Hungary', value: 73.64375 },
{name: 'Iceland', value: 81.575 },
{name: 'India', value: 65.5875 },
{name: 'Indonesia', value: 68.26875 },
{name: 'Iran, Islamic Rep.', value: 72.96875 },
{name: 'Iraq', value: 68.78125 },
{name: 'Ireland', value: 79.48125 },
{name: 'Israel', value: 80.79375 },
{name: 'Italy', value: 81.3875 },
{name: 'Jamaica', value: 74.06875 },
{name: 'Japan', value: 82.45625 },
{name: 'Jordan', value: 72.9875 },
{name: 'Kazakhstan', value: 67.73125 },
{name: 'Kenya', value: 57.775 },
{name: 'Kiribati', value: 65.1625 },
{name: 'Kuwait', value: 74.01875 },
{name: 'Kyrgyz Republic', value: 68.9625 },
{name: 'Lao PDR', value: 62.875 },
{name: 'Latvia', value: 72.35625 },
{name: 'Lebanon', value: 77.3125 },
{name: 'Lesotho', value: 45.60625 },
{name: 'Liberia', value: 57.29375 },
{name: 'Libya', value: 71.79375 },
{name: 'Lithuania', value: 72.56875 },
{name: 'Luxembourg', value: 79.9375 },
{name: 'Madagascar', value: 62.225 },
{name: 'Malawi', value: 52.2875 },
{name: 'Malaysia', value: 74.0375 },
{name: 'Maldives', value: 74.5125 },
{name: 'Mali', value: 53.35625 },
{name: 'Malta', value: 80.01875 },
{name: 'Mauritania', value: 62.0625 },
{name: 'Mauritius', value: 72.85 },
{name: 'Mexico', value: 75.0125 },
{name: 'Micronesia, Fed. Sts.', value: 65.96875 },
{name: 'Moldova', value: 68.925 },
{name: 'Mongolia', value: 66.175 },
{name: 'Montenegro', value: 74.75625 },
{name: 'Morocco', value: 72.76875 },
{name: 'Mozambique', value: 51.88125 },
{name: 'Myanmar', value: 62.7 },
{name: 'Namibia', value: 54.875 },
{name: 'Nepal', value: 66.28125 },
{name: 'Netherlands', value: 79.96875 },
{name: 'New Zealand', value: 80.1875 },
{name: 'Nicaragua', value: 71.74375 },
{name: 'Niger', value: 55.36875 },
{name: 'Nigeria', value: 49.58125 },
{name: 'North Macedonia', value: 74.225 },
{name: 'Norway', value: 80.48125 },
{name: 'Oman', value: 74.80625 },
{name: 'Pakistan', value: 64.65625 },
{name: 'Panama', value: 76.375 },
{name: 'Papua New Guinea', value: 61.29375 },
{name: 'Paraguay', value: 72.16875 },
{name: 'Peru', value: 73.59375 },
{name: 'Philippines', value: 69.5375 },
{name: 'Poland', value: 75.625 },
{name: 'Portugal', value: 78.74375 },
{name: 'Qatar', value: 78.6625 },
{name: 'Romania', value: 72.88125 },
{name: 'Russian', value: 67.75 },
{name: 'Rwanda', value: 58.95 },
{name: 'Samoa', value: 70.9375 },
{name: 'Sao Tome and Principe', value: 65.84375 },
{name: 'Saudi Arabia', value: 73.63125 },
{name: 'Senegal', value: 62.38125 },
{name: 'Serbia', value: 73.64375 },
{name: 'Seychelles', value: 72.8375 },
{name: 'Sierra Leone', value: 46.7 },
{name: 'Singapore', value: 80.53125 },
{name: 'Slovak Republic', value: 74.7875 },
{name: 'Slovenia', value: 78.44375 },
{name: 'Solomon Islands', value: 69.9 },
{name: 'Somalia', value: 53.24375 },
{name: 'South Africa', value: 56.78125 },
{name: 'Spain', value: 81.10625 },
{name: 'Sri Lanka', value: 74.6875 },
{name: 'St. Lucia', value: 74.475 },
{name: 'St. Vincent and the Grenadines', value: 71.50625 },
{name: 'Suriname', value: 69.61875 },
{name: 'Sweden', value: 80.99375 },
{name: 'Switzerland', value: 81.675 },
{name: 'Syrian Arab Republic', value: 72.60625 },
{name: 'Tajikistan', value: 66.975 },
{name: 'Tanzania', value: 56.625 },
{name: 'Thailand', value: 73.2 },
{name: 'Timor-Leste', value: 64.94375 },
{name: 'Togo', value: 56.2625 },
{name: 'Tonga', value: 69.99375 },
{name: 'Trinidad and Tobago', value: 71.28125 },
{name: 'Tunisia', value: 74.6 },
{name: 'Turkiye', value: 73.41875 },
{name: 'Turkmenistan', value: 65.7875 },
{name: 'Uganda', value: 54.2125 },
{name: 'Ukraine', value: 69.225 },
{name: 'United Arab Emirates', value: 75.84375 },
{name: 'United Kingdom', value: 79.6125 },
{name: 'United States', value: 77.9 },
{name: 'Uruguay', value: 76.20625 },
{name: 'Uzbekistan', value: 69.0375 },
{name: 'Vanuatu', value: 68.7125 },
{name: 'Venezuela, RB', value: 72.79375 },
{name: 'Vietnam', value: 74.33125 },
{name: 'Yemen, Rep.', value: 64.1625 },
{name: 'Zambia', value: 52.33125 },
{name: 'Zimbabwe', value: 48.6625 },
