infant_deaths,under_five_deaths,adult_mortality,alcohol_consumption,hepatitis_b,measles,bmi,polio,diphtheria,incidents_hiv,gdp_per_capita,population_mln,thinness_ten_nineteen_years,thinness_five_nine_years,schooling,economy_status_developed
7.0,8.1,129.376,0.45,95,90,24.6,95,95,0.2,7531,26.2,8.8,8.6,8.2,0
51.6,77.3,372.128,0.89,86,88,20.2,92,90,0.51,857,2.48,9.9,9.9,3.7,0
2.5,3.0,57.197,7.31,62,95,25.8,98,98,0.08,49540,9.45,1.4,1.3,12.4,1
28.4,34.4,149.3995,3.86,66,96,23.4,91,90,0.39,1983,0.44,9.4,9.3,3.7,0
11.9,14.0,151.8615,12.38,97,95,25.8,95,96,0.04,8280,20.54,3.1,3.5,10.6,1